{
  "AuthType": "ptc",
  "GoogleUsername": null,
  "GooglePassword": null,
  "PtcUsername": "username",
  "PtcPassword": "password",
  "UseProxy": false,
  "UseProxyHost": null,
  "UseProxyPort": null,
  "UseProxyAuthentication": false,
  "UseProxyUsername": null,
  "UseProxyPassword": null,
  "DeviceId": "gmw01dpbpyc2xa2h",
  "AndroidBoardName": "msm8994",
  "AndroidBootloader": "unknown",
  "DeviceBrand": "OnePlus",
  "DeviceModel": "OnePlus2",
  "DeviceModelIdentifier": "ONE A2003_24_160604",
  "DeviceModelBoot": "qcom",
  "HardwareManufacturer": "OnePlus",
  "HardwareModel": "ONE A2003",
  "FirmwareBrand": "OnePlus2",
  "FirmwareTags": "dev-keys",
  "FirmwareType": "user",
  "FirmwareFingerprint": "OnePlus/OnePlus2/OnePlus2:6.0.1/MMB29M/1447840820:user/release-keys"
}