{/*
						                    DRZ'S HIGH CALIBER SNIPER V 0.7.6
											 -TO USE WITH POGOLOCATIONFEEDER-
						                              -READ BELOW-

@Credits to PogoLocationFeeder

---[WARNING: THIS CONFIG WILL TRANSFER DUPLICATE POKEMON ACCORDING TO THE SETTINGS YOU CHANGE ON TIPS]---

Search for TIP (Using CRTL+F)

Modify the KeepMinCP value to whatever CP you want to keep. (The value and higher.)

"KeepMinDuplicatePokemon" to 0. This will transfer all Pokemon below the MinCP and MinIV threshold you chose.

Any questions/help at PokeCoords Discord server.
~DrZ#3244

Want to buy me some tequila? pokemartservices@gmail.com
Want to support buy buying one of my accounts? http://pogomart.xyz

*/
  "TranslationLanguageCode": "en",
  "AutoUpdate": true,
  "TransferConfigAndAuthOnUpdate": true,
  "UseWebsocket": false,
  "StartupWelcomeDelay": false,
  "AmountOfPokemonToDisplayOnStart": 10,
  "ShowPokeballCountsBeforeRecycle": true,
  "CatchPokemon": true,
  "AutomaticallyLevelUpPokemon": false,
  "AmountOfTimesToUpgradeLoop": 5,
  "GetMinStarDustForLevelUp": 5000,
  "LevelUpByCPorIv": "iv",
  "UpgradePokemonCpMinimum": 1000.0,
  "UpgradePokemonIvMinimum": 95.0,
  "UpgradePokemonMinimumStatsOperator": "and",
  "DisableHumanWalking": true,
  "DefaultLatitude": 40.785091,
  "DefaultLongitude": -73.968285,
  "WalkingSpeedInKilometerPerHour": 15.0,
  "MaxSpawnLocationOffset": 10,
  "DelayBetweenPlayerActions": 1,
  "DelayBetweenPokemonCatch": 1,
  "DumpPokemonStats": false,
  "EvolveAboveIvValue": 95.0,
  "EvolveAllPokemonAboveIv": false,
  "EvolveAllPokemonWithEnoughCandy": true,
  "EvolveKeptPokemonsAtStorageUsagePercentage": 90.0,
  "KeepPokemonsThatCanEvolve": false,
  "KeepMinCp": 1250,   /*TIP: CHANGE THIS TO WHAT CP YOU WANT TO KEEP AND HIGHER*/
  "KeepMinIvPercentage": 95.0,   /*TIP: CHANGE THIS TO WHAT IV YOU WANT TO KEEP AND HIGHER*/
  "KeepMinLvl": 6,
  "KeepMinOperator": "or", /*TIP: CHANGE THIS TO AND IF YOU WANT TO KEEP POKEMON ONLY WITH SPECIFIC CP AND IV.*/
  "UseKeepMinLvl": false,
  "PrioritizeIvOverCp": false,   /*TIP: CHANGE THIS IF YOU WANT TO PRIORITIZE IV OVER CP*/
  "KeepMinDuplicatePokemon": 1,   /*TIP: IF YOU CHANGE TO 0 THEN POKEMONS BELOW THRESHOLD WILL BE TRANSFERRED*/
  "UseGpxPathing": false,
  "GpxFile": "GPXPath.GPX",
  "VerboseRecycling": true,
  "RecycleInventoryAtUsagePercentage": 90.0,
  "UseEggIncubators": true,
  "UseLuckyEggConstantly": false,
  "UseLuckyEggsMinPokemonAmount": 30,
  "UseLuckyEggsWhileEvolving": true,
  "UseIncenseConstantly": false,
  "UseBerriesMinCp": 1000,
  "UseBerriesMinIv": 90.0,
  "UseBerriesBelowCatchProbability": 0.2,
  "UseBerriesOperator": "and",
  "UseSnipeOnlineLocationServer": true,
  "UseSnipeLocationServer": true,
  "SnipeLocationServer": "localhost",
  "SnipeLocationServerPort": 16969,
  "GetSniperInfoFromPokezz": true,
  "GetOnlyVerifiedSniperInfoFromPokezz": true,
  "MinPokeballsToSnipe": 30,
  "MinPokeballsWhileSnipe": 0,
  "MinDelayBetweenSnipes": 100,
  "SnipingScanOffset": 0.003,
  "SnipeAtPokestops": true,
  "SnipeIgnoreUnknownIv": true,
  "UseTransferIvForSnipe": false,
  "SnipePokemonNotInPokedex": false,
  "RenamePokemon": false,
  "RenameOnlyAboveIv": true,
  "RenameTemplate": "{1}_{0}",
  "MaxPokeballsPerPokemon": 6,
  "MaxTravelDistanceInMeters": 1000,
  "TotalAmountOfPokeballsToKeep": 120,
  "TotalAmountOfPotionsToKeep": 80,
  "TotalAmountOfRevivesToKeep": 60,
  "TotalAmountOfBerriesToKeep": 50,
  "UseGreatBallAboveCp": 750,
  "UseUltraBallAboveCp": 1000,
  "UseMasterBallAboveCp": 1500,
  "UseGreatBallAboveIv": 80.0,
  "UseUltraBallAboveIv": 90.0,
  "UseGreatBallBelowCatchProbability": 0.5,
  "UseUltraBallBelowCatchProbability": 0.4,
  "UseMasterBallBelowCatchProbability": 0.05,
  "EnableHumanizedThrows": false,
  "NiceThrowChance": 40,
  "GreatThrowChance": 30,
  "ExcellentThrowChance": 10,
  "CurveThrowChance": 90,
  "ForceGreatThrowOverIv": 90.0,
  "ForceExcellentThrowOverIv": 95.0,
  "ForceGreatThrowOverCp": 1000,
  "ForceExcellentThrowOverCp": 1500,
  "TransferWeakPokemon": false,
  "TransferDuplicatePokemon": true,
  "TransferDuplicatePokemonOnCapture": true,
  "FavoriteMinIvPercentage": 95.0,
  "AutoFavoritePokemon": false,
  "UsePokemonToNotCatchFilter": false,
  "UsePokemonSniperFilterOnly": false,
  "WebSocketPort": 14251,
  "ItemRecycleFilter": [
    {
      "Key": "itemUnknown",
      "Value": 0
    },
    {
      "Key": "itemLuckyEgg",
      "Value": 200
    },
    {
      "Key": "itemIncenseOrdinary",
      "Value": 100
    },
    {
      "Key": "itemIncenseSpicy",
      "Value": 100
    },
    {
      "Key": "itemIncenseCool",
      "Value": 100
    },
    {
      "Key": "itemIncenseFloral",
      "Value": 100
    },
    {
      "Key": "itemTroyDisk",
      "Value": 100
    },
    {
      "Key": "itemXAttack",
      "Value": 100
    },
    {
      "Key": "itemXDefense",
      "Value": 100
    },
    {
      "Key": "itemXMiracle",
      "Value": 100
    },
    {
      "Key": "itemRazzBerry",
      "Value": 50
    },
    {
      "Key": "itemBlukBerry",
      "Value": 10
    },
    {
      "Key": "itemNanabBerry",
      "Value": 10
    },
    {
      "Key": "itemWeparBerry",
      "Value": 30
    },
    {
      "Key": "itemPinapBerry",
      "Value": 30
    },
    {
      "Key": "itemSpecialCamera",
      "Value": 100
    },
    {
      "Key": "itemIncubatorBasicUnlimited",
      "Value": 100
    },
    {
      "Key": "itemIncubatorBasic",
      "Value": 100
    },
    {
      "Key": "itemPokemonStorageUpgrade",
      "Value": 100
    },
    {
      "Key": "itemItemStorageUpgrade",
      "Value": 100
    }
  ],
  "PokemonsNotToTransfer": [
    "articuno",
    "zapdos",
    "moltres",
    "mewtwo",
    "mew"
  ],
  "PokemonsToEvolve": [
    "caterpie",
    "weedle",
    "pidgey",
    "rattata"
  ],
  "PokemonsToIgnore": [
    "caterpie",
    "weedle",
    "pidgey",
    "rattata",
    "spearow",
    "zubat",
    "doduo"
  ],
  "PokemonsTransferFilter": {},
  "PokemonToSnipe": {
    "Locations": [
      {
        "Latitude": 38.556807486461118,
        "Longitude": -121.2383794784546
      },
      {
        "Latitude": -33.859019,
        "Longitude": 151.213098
      },
      {
        "Latitude": 47.5014969,
        "Longitude": -122.0959568
      },
      {
        "Latitude": 51.5025343,
        "Longitude": -0.2055027
      }
    ],
    "Pokemon": [
      "venusaur",
      "charizard",
      "blastoise",
      "beedrill",
      "raichu",
      "sandslash",
      "nidoking",
      "nidoqueen",
      "clefable",
      "ninetales",
      "golbat",
      "vileplume",
      "golduck",
      "primeape",
      "arcanine",
      "poliwrath",
      "alakazam",
      "machamp",
      "golem",
      "rapidash",
      "slowbro",
      "farfetchd",
      "muk",
      "cloyster",
      "gengar",
      "exeggutor",
      "marowak",
      "hitmonchan",
      "lickitung",
      "rhydon",
      "chansey",
      "kangaskhan",
      "starmie",
      "mrMime",
      "scyther",
      "magmar",
      "electabuzz",
      "jynx",
      "gyarados",
      "lapras",
      "ditto",
      "vaporeon",
      "jolteon",
      "flareon",
      "porygon",
      "kabutops",
      "aerodactyl",
      "snorlax",
      "articuno",
      "zapdos",
      "moltres",
      "dragonite",
      "mewtwo",
      "mew"
    ]
  },
  "PokemonToUseMasterball": [
    "articuno",
    "zapdos",
    "moltres",
    "mew",
    "mewtwo"
  ]
}