{/*
										MASSEXP CONFIG BY DRZ FOR NECROBOT 0.8.5
					-THIS VERSION USES GREAT BALLS AND ULTRA BALLS- -TO DISABLE, READ BELOW- -MAY LOWER EXP RATE-
						 -THIS VERSION IS THE SAFEST FOR BOTTING WITH THE HIGHEST EXP RATES POSSIBLE-
									WARNING: NOT THE FASTEST OF ALL OF MY CONFIGS

@Credits to everyone who has helped with providing settings, and configs.

---[WARNING: THIS CONFIG WILL TRANSFER DUPLICATE POKEMON ACCORDING TO THE SETTINGS YOU CHANGE ON TIPS]---

Search for TIP (Using CRTL+F)

Modify the KeepMinCP value to whatever CP you want to keep. (The value and higher.)

"KeepMinDuplicatePokemon" to 0. This will transfer all Pokemon below the MinCP and MinIV threshold you chose.

To disable great balls and ultra balls:

Replace:
  "UseGreatBallAboveCp": 750,
  "UseUltraBallAboveCp": 1000,
  "UseMasterBallAboveCp": 1500,
  "UseGreatBallAboveIv": 80.0,
  "UseUltraBallAboveIv": 90.0,
  "UseGreatBallBelowCatchProbability": 0.0,
  "UseUltraBallBelowCatchProbability": 0.0,
  "UseMasterBallBelowCatchProbability": 0.0,

With:
  "UseGreatBallAboveCp": 1800,
  "UseUltraBallAboveCp": 2500,
  "UseMasterBallAboveCp": 1500,
  "UseGreatBallAboveIv": 95,
  "UseUltraBallAboveIv": 99,
  "UseGreatBallBelowCatchProbability": 0.05,
  "UseUltraBallBelowCatchProbability": 0.05,
  "UseMasterBallBelowCatchProbability": 0.05,
  
To enable Constant Lucky Eggs:

Replace:
  "UseLuckyEggConstantly": false,
  "UseLuckyEggsMinPokemonAmount": 30,
  "UseLuckyEggsWhileEvolving": true,

With:
  "UseLuckyEggConstantly": true,
  "UseLuckyEggsMinPokemonAmount": 30,
  "UseLuckyEggsWhileEvolving": false,
  
  
For slower or faster evolve:

Replace:
  "EvolveKeptPokemonsAtStorageUsagePercentage": 50.0,
  
With:
  "EvolveKeptPokemonsAtStorageUsagePercentage": 90.0,    <- OR ANY PERCENTAGE

Any questions/help at PokeCoords Discord server.
~DrZ#3244

Want to buy me some tequila? pokemartservices@gmail.com
Want to support buy buying one of my accounts? http://pogomart.xyz

Thanks to 8787, Gmacki, and others for helping out!

*/
  "TranslationLanguageCode": "en",
  "AutoUpdate": false,
  "TransferConfigAndAuthOnUpdate": true,
  "UseWebsocket": false,
  "WebSocketPort": 14251,
  "StartupWelcomeDelay": false,
  "UseTelegramAPI": false,
  "TelegramAPIKey": null,
  "AmountOfPokemonToDisplayOnStart": 10,
  "DetailedCountsBeforeRecycling": false,
  "MaxBerriesToUsePerPokemon": 3,
  "CatchPokemon": true,
  "AutomaticallyLevelUpPokemon": false,
  "OnlyUpgradeFavorites": true,
  "UseLevelUpList": true,
  "AmountOfTimesToUpgradeLoop": 5,
  "GetMinStarDustForLevelUp": 5000,
  "LevelUpByCPorIv": "iv",
  "UpgradePokemonCpMinimum": 1000.0,
  "UpgradePokemonIvMinimum": 95.0,
  "UpgradePokemonMinimumStatsOperator": "and",
  "DisableHumanWalking": true,
  "DefaultLatitude": 40.779014,
  "DefaultLongitude": -73.968447,
  "WalkingSpeedInKilometerPerHour": 50.0,
  "MaxSpawnLocationOffset": 10,
  "FastSoftBanBypass": false,
  "DelayBetweenPlayerActions": 500,
  "DelayBetweenPokemonCatch": 100,
  "DumpPokemonStats": true,
  "EvolveAboveIvValue": 10.0,
  "EvolveAllPokemonAboveIv": true,
  "EvolveAllPokemonWithEnoughCandy": true,
  "EvolveKeptPokemonsAtStorageUsagePercentage": 50.0,
  "KeepPokemonsThatCanEvolve": true,
  "KeepMinCp": 1250,   /*TIP: CHANGE THIS TO WHAT CP YOU WANT TO KEEP AND HIGHER*/
  "KeepMinIvPercentage": 95.0,   /*TIP: CHANGE THIS TO WHAT IV YOU WANT TO KEEP AND HIGHER*/
  "KeepMinLvl": 6,
  "KeepMinOperator": "or", /*TIP: CHANGE THIS TO AND IF YOU WANT TO KEEP POKEMON ONLY WITH SPECIFIC CP AND IV.*/
  "UseKeepMinLvl": false,
  "PrioritizeIvOverCp": false,   /*TIP: CHANGE THIS IF YOU WANT TO PRIORITIZE IV OVER CP*/
  "KeepMinDuplicatePokemon": 1,   /*TIP: IF YOU CHANGE TO 0 THEN POKEMONS BELOW THRESHOLD WILL BE TRANSFERRED*/
  "UseGpxPathing": false,
  "GpxFile": "GPXPath.GPX",
  "VerboseRecycling": true,
  "RecycleInventoryAtUsagePercentage": 90.0,
  "RandomizeRecycle": false,
  "RandomRecycleValue": 5,
  "DelayBetweenRecycleActions": false,
  "UseEggIncubators": true,
  "minEggKmForLimitedIncubators": 2,
  "UseLuckyEggConstantly": false,
  "UseLuckyEggsMinPokemonAmount": 10,
  "UseLuckyEggsWhileEvolving": true,
  "UseIncenseConstantly": true,
  "UseBerriesMinCp": 0,
  "UseBerriesMinIv": 0.0,
  "UseBerriesBelowCatchProbability": 0.0,
  "UseBerriesOperator": "and",
  "UseSnipeLocationServer": false,
  "SnipeLocationServer": "localhost",
  "SnipeLocationServerPort": 16969,
  "GetSniperInfoFromPokezz": false,
  "GetOnlyVerifiedSniperInfoFromPokezz": false,
  "GetSniperInfoFromPokeSnipers": false,
  "GetSniperInfoFromPokeWatchers": false,
  "SnipeWithSkiplagged": false,
  "MinPokeballsToSnipe": 50,
  "MinPokeballsWhileSnipe": 0,
  "MinDelayBetweenSnipes": 6000,
  "SnipingScanOffset": 0.013,
  "SnipeAtPokestops": true,
  "SnipeIgnoreUnknownIv": false,
  "UseTransferIvForSnipe": false,
  "SnipePokemonNotInPokedex": false,
  "RenamePokemon": false,
  "RenameOnlyAboveIv": true,
  "RenameTemplate": "{1}_{0}",
  "MaxPokeballsPerPokemon": 6,
  "MaxTravelDistanceInMeters": 3000,
  "TotalAmountOfPokeballsToKeep": 120,
  "TotalAmountOfPotionsToKeep": 80,
  "TotalAmountOfRevivesToKeep": 60,
  "TotalAmountOfBerriesToKeep": 50,
  "UseGreatBallAboveCp": 750,
  "UseUltraBallAboveCp": 1000,
  "UseMasterBallAboveCp": 1500,
  "UseGreatBallAboveIv": 80.0,
  "UseUltraBallAboveIv": 90.0,
  "UseGreatBallBelowCatchProbability": 0.0,
  "UseUltraBallBelowCatchProbability": 0.0,
  "UseMasterBallBelowCatchProbability": 0.0,
  "EnableHumanizedThrows": false,
  "NiceThrowChance": 40,
  "GreatThrowChance": 30,
  "ExcellentThrowChance": 100,
  "CurveThrowChance": 100,
  "ForceGreatThrowOverIv": 90.0,
  "ForceExcellentThrowOverIv": 95.0,
  "ForceGreatThrowOverCp": 1000,
  "ForceExcellentThrowOverCp": 1500,
  "TransferWeakPokemon": false,
  "TransferDuplicatePokemon": true,
  "TransferDuplicatePokemonOnCapture": false,
  "FavoriteMinIvPercentage": 95.0,
  "AutoFavoritePokemon": false,
  "UsePokemonToNotCatchFilter": false,
  "UsePokemonSniperFilterOnly": false,
  "ItemRecycleFilter": [
    {
      "Key": "itemUnknown",
      "Value": 0
    },
    {
      "Key": "itemLuckyEgg",
      "Value": 200
    },
    {
      "Key": "itemIncenseOrdinary",
      "Value": 100
    },
    {
      "Key": "itemIncenseSpicy",
      "Value": 100
    },
    {
      "Key": "itemIncenseCool",
      "Value": 100
    },
    {
      "Key": "itemIncenseFloral",
      "Value": 100
    },
    {
      "Key": "itemTroyDisk",
      "Value": 100
    },
    {
      "Key": "itemXAttack",
      "Value": 100
    },
    {
      "Key": "itemXDefense",
      "Value": 100
    },
    {
      "Key": "itemXMiracle",
      "Value": 100
    },
    {
      "Key": "itemRazzBerry",
      "Value": 50
    },
    {
      "Key": "itemBlukBerry",
      "Value": 10
    },
    {
      "Key": "itemNanabBerry",
      "Value": 10
    },
    {
      "Key": "itemWeparBerry",
      "Value": 30
    },
    {
      "Key": "itemPinapBerry",
      "Value": 30
    },
    {
      "Key": "itemSpecialCamera",
      "Value": 100
    },
    {
      "Key": "itemIncubatorBasicUnlimited",
      "Value": 100
    },
    {
      "Key": "itemIncubatorBasic",
      "Value": 100
    },
    {
      "Key": "itemPokemonStorageUpgrade",
      "Value": 1000
    },
    {
      "Key": "itemItemStorageUpgrade",
      "Value": 100
    }
  ],
  "PokemonsNotToTransfer": [
    "ditto",
    "articuno",
    "zapdos",
    "moltres",
    "mewtwo",
    "mew"
  ],
  "PokemonsToEvolve": [
    "caterpie",
    "weedle",
    "pidgey",
    "rattata",
    "zubat",
    "doduo",
    "spearow"
  ],
  "PokemonsToLevelUp": null,
  "PokemonsToIgnore": [],
  "PokemonsTransferFilter": {},
  "PokemonToSnipe": {
    "Locations": [
      {
        "Latitude": 35.6328964,
        "Longitude": 139.8803943
      },
      {
        "Latitude": 40.712784,
        "Longitude": -74.005941
      },
      {
        "Latitude": 38.907192,
        "Longitude": -77.036871
      },
      {
        "Latitude": 37.77493,
        "Longitude": -122.419416
      },
      {
        "Latitude": 52.520007,
        "Longitude": 13.404954
      },
      {
        "Latitude": 51.507351,
        "Longitude": -0.127758
      }
    ],
    "Pokemon": [
      "caterpie",
      "bulbasaur",
      "ivysaur",
      "venusaur",
      "charmander",
      "charmeleon",
      "charizard",
      "squirtle",
      "wartortle",
      "blastoise",
      "caterpie",
      "metapod",
      "butterfree",
      "weedle",
      "kakuna",
      "beedrill",
      "pidgey",
      "pidgeotto",
      "pidgeot",
      "rattata",
      "raticate",
      "spearow",
      "fearow",
      "ekans",
      "arbok",
      "pikachu",
      "raichu",
      "sandshrew",
      "sandslash",
      "nidorina",
      "nidoqueen",
      "nidorino",
      "nidoking",
      "clefairy",
      "clefable",
      "vulpix",
      "ninetales",
      "jigglypuff",
      "wigglytuff",
      "zubat",
      "golbat",
      "oddish",
      "gloom",
      "vileplume",
      "paras",
      "parasect",
      "venonat",
      "venomoth",
      "diglett",
      "dugtrio",
      "meowth",
      "persian",
      "psyduck",
      "golduck",
      "mankey",
      "primeape",
      "growlithe",
      "arcanine",
      "poliwag",
      "poliwhirl",
      "poliwrath",
      "abra",
      "kadabra",
      "alakazam",
      "machop",
      "machoke",
      "machamp",
      "bellsprout",
      "weepinbell",
      "victreebel",
      "tentacool",
      "tentacruel",
      "geodude",
      "graveler",
      "golem",
      "ponyta",
      "rapidash",
      "slowpoke",
      "slowbro",
      "magnemite",
      "magneton",
      "doduo",
      "dodrio",
      "seel",
      "dewgong",
      "grimer",
      "muk",
      "shellder",
      "cloyster",
      "gastly",
      "haunter",
      "gengar",
      "onix",
      "drowzee",
      "hypno",
      "krabby",
      "kingler",
      "voltorb",
      "electrode",
      "exeggcute",
      "exeggutor",
      "cubone",
      "marowak",
      "hitmonlee",
      "hitmonchan",
      "lickitung",
      "koffing",
      "weezing",
      "rhyhorn",
      "rhydon",
      "chansey",
      "tangela",
      "kangaskhan",
      "horsea",
      "seadra",
      "goldeen",
      "seaking",
      "staryu",
      "starmie",
      "scyther",
      "jynx",
      "electabuzz",
      "magmar",
      "pinsir",
      "tauros",
      "magikarp",
      "gyarados",
      "lapras",
      "ditto",
      "eevee",
      "vaporeon",
      "jolteon",
      "flareon",
      "porygon",
      "omanyte",
      "omastar",
      "kabuto",
      "kabutops",
      "aerodactyl",
      "snorlax",
      "articuno",
      "zapdos",
      "moltres",
      "dratini",
      "dragonair",
      "dragonite",
      "weedle",
      "pidgey"
    ]
  },
  "PokemonToUseMasterball": [
    "articuno",
    "zapdos",
    "moltres",
    "mew",
    "mewtwo"
  ]
}